Product Title,Price,Rating (⭐ out of 5),No. of Ratings,Source
Elista ELS-501 PRO Wired Ambidextrous Optical Mouse,₹150,4,7477,Flipkart
Ambrane SliQ 3 Wireless Right Handed Optical Mouse,₹449,3.8,50,Flipkart
DELL MS 116-BK Wired Ambidextrous Optical Mouse,₹300,4.4,105588,Flipkart
"Portronics Toad 101,POR 1800 Wired Ambidextrous Optical...",₹149,4.2,1818,Flipkart
HP M080 Wired Ambidextrous Mechanical Mouse,₹299,4.2,9560,Flipkart
"Redgear A-10 Wired Gaming Mouse with RGB LED, Lightweight and Durable Design, DPI Upto 2400",₹399.00,5,1,Reliance Digital
"Rapoo 1620 Wireless Mouse, Black",₹579.00,5,1,Reliance Digital
"Rapoo M650 Multi-mode Wireless Mouse, Yellow","₹1,249.00",2.5,2,Reliance Digital
"Rapoo M650 Multi-mode Wireless Mouse, Cream White","₹1,249.00",2.5,2,Reliance Digital
"Rapoo M650 Multi-mode Wireless Mouse, Dark Grey","₹1,249.00",N/A,N/A,Reliance Digital
"DELL MS116 Wired Performance Mouse (1000 DPI, Contemporary Aesthetic, Black)",₹309,4.7,69,Croma
"logitech M185 2.4GHz Wireless Smooth Optical Tracking Mouse (1000 DPI, Plug & Play, Grey)",₹999,4.4,54,Croma
"HP S500 2.4GHz Wireless Optical Mouse with Anti-Slip Rubber Scroll Wheel (1000 DPI, Ambidextrous Design, Black)",₹649,4.3,350,Croma
"logitech MX Master 3S Rechargeable Bluetooth Wireless Laser Performance Mouse with Thumb Wheel (8000 DPI Adjustable, Multi Device Connectivity, Graphite)","₹1,195",4.3,11,Croma
"Croma 2.4 GHz Wireless Optical Mouse with Power Saving Feature (1600 DPI Adjustable, Ambidextrous Design, Blue)",₹699,3.3,8,Croma
Elista ELS-501 PRO Wired Ambidextrous Optical Mouse,₹150,4,7477,Flipkart
Ambrane SliQ 3 Wireless Right Handed Optical Mouse,₹449,3.8,50,Flipkart
DELL MS 116-BK Wired Ambidextrous Optical Mouse,₹300,4.4,105588,Flipkart
"Portronics Toad 101,POR 1800 Wired Ambidextrous Optical...",₹149,4.2,1818,Flipkart
HP M080 Wired Ambidextrous Mechanical Mouse,₹299,4.2,9560,Flipkart
"Redgear A-10 Wired Gaming Mouse with RGB LED, Lightweight and Durable Design, DPI Upto 2400",₹399.00,5,1,Reliance Digital
"Rapoo 1620 Wireless Mouse, Black",₹579.00,5,1,Reliance Digital
"Rapoo M650 Multi-mode Wireless Mouse, Yellow","₹1,249.00",2.5,2,Reliance Digital
"Rapoo M650 Multi-mode Wireless Mouse, Cream White","₹1,249.00",2.5,2,Reliance Digital
"Rapoo M650 Multi-mode Wireless Mouse, Dark Grey","₹1,249.00",N/A,N/A,Reliance Digital
"DELL MS116 Wired Performance Mouse (1000 DPI, Contemporary Aesthetic, Black)",₹309,4.7,69,Croma
"logitech M185 2.4GHz Wireless Smooth Optical Tracking Mouse (1000 DPI, Plug & Play, Grey)",₹999,4.4,54,Croma
"HP S500 2.4GHz Wireless Optical Mouse with Anti-Slip Rubber Scroll Wheel (1000 DPI, Ambidextrous Design, Black)",₹649,4.3,350,Croma
"logitech MX Master 3S Rechargeable Bluetooth Wireless Laser Performance Mouse with Thumb Wheel (8000 DPI Adjustable, Multi Device Connectivity, Graphite)","₹1,195",4.3,11,Croma
"Croma 2.4 GHz Wireless Optical Mouse with Power Saving Feature (1600 DPI Adjustable, Ambidextrous Design, Blue)",₹699,3.3,8,Croma
